{
  "assetsByChunkName": {
    "vendors~app-account~app-confirmation~app-order": [
      "chunk.d12a6f316ab0f079c0ad.js",
      "chunk.d12a6f316ab0f079c0ad.js.map"
    ],
    "vendors~app-account~app-checkout": [
      "chunk.aa1a6ba2d2426c33429b.js",
      "chunk.aa1a6ba2d2426c33429b.js.map"
    ],
    "vendors~app-cart~app-checkout": [
      "chunk.9ad5ff0d6dc561a4aadd.js",
      "chunk.9ad5ff0d6dc561a4aadd.js.map"
    ],
    "admin": [
      "admin.08829c546b81ba3fcaa5.js",
      "admin.08829c546b81ba3fcaa5.js.map"
    ],
    "app-account": [
      "chunk.f09e9191d5560e907cdd.js",
      "chunk.f09e9191d5560e907cdd.js.map"
    ],
    "app-cart": [
      "chunk.2e3dea770f8cd3553567.js",
      "chunk.2e3dea770f8cd3553567.js.map"
    ],
    "app-checkout": [
      "chunk.e623ae90e613511b8b71.js",
      "chunk.e623ae90e613511b8b71.js.map"
    ],
    "app-confirmation": [
      "chunk.1e473be25ef444118206.js",
      "chunk.1e473be25ef444118206.js.map"
    ],
    "app-order": [
      "chunk.a0d3250b66b0b4c0a3ec.js",
      "chunk.a0d3250b66b0b4c0a3ec.js.map"
    ],
    "checkout": [
      "checkout.2786541372db2862ebdb.js",
      "checkout.2786541372db2862ebdb.js.map"
    ],
    "storefront": [
      "storefront.396b678455f469b48120.css",
      "storefront.9388b7482d15cc924f2a.js",
      "storefront.396b678455f469b48120.css.map",
      "storefront.9388b7482d15cc924f2a.js.map"
    ]
  }
}